strUC,intNSglobal,intITIScode,intGapNSmatch,intGapITISmatch
aRISAx,104324,173594,0,0
aFFSAx,802301,173596,0,0
aNOSAx,103251,173597,0,0
aJESAx,100401,173598,0,0
aBUPSx,102149,173599,0,0
aMBSAx,101261,173600,0,0
aLTOPx,106403,173601,0,0
aSPOSx,104612,173590,0,0
aMASAx,104610,173591,0,0
aMOSAx,103509,173604,0,0
aSMMSx,103285,173605,0,0
aETSAx,101447,173592,0,0
aBTISx,100277,668193,0,0
aSTRSx,100100,208204,0,0
aCTGSx,104488,173595,0,0
aRFSAx,802300,775866,0,0
aTWAMx,104318,173609,0,0
aOTAMx,103402,173611,0,0
aTHAMx,103379,173612,0,0
aHELLx,105670,173587,0,0
aHELLa,101863,208175,0,0
aHELLb,102421,208176,0,0
aGRSAx,103197,173699,0,0
aCLSAx,102082,173700,0,0
aBLASx,101525,173701,0,0
aSMTSx,105472,173702,0,0
aARSAx,100852,173703,0,0
aWASAx,104517,668242,0,0
aCSLSx,100895,173706,0,0
aINSAx,100550,173707,0,0
aGSSAx,103750,208343,0,0
aBBSSx,104368,173708,0,0
aCISSx,105315,173709,0,0
aRSSAx,102917,208344,0,0
aKCSSx,100572,173710,0,0
aTSSAx,100216,173711,0,0
aOSSAx,100214,573579,0,0
aSGSSx,100899,550545,0,0
aGGSAx,102297,573576,0,0
aHHSSx,106376,573575,0,0
aKRSSx,103787,573578,0,0
aSSLSx,102718,573577,0,0
aSMSSx,103559,668245,0,0
aLSSAx,101886,668246,0,0
aSSSSx,102298,668244,0,0
aGMSSx,106468,668243,0,0
aKPSAx,104026,668247,0,0
aSEESx,100247,173636,0,0
aSODSx,105932,173637,0,0
aODSAx,104852,173638,0,0
aNDSAx,104045,173633,0,0
aSPDSx,102338,668240,0,0
aIMSAx,102868,173639,0,0
aSEASx,102693,173640,0,0
aAMDSx,100634,173641,0,0
aBESAx,105247,173642,0,0
aBMSAx,102488,173644,0,0
aPYSAx,102489,173645,0,0
aSADSx,101251,173643,0,0
aADSAx,103933,208266,0,0
aCMDSx,105137,550253,0,0
aOCSAx,102721,550243,0,0
aBRDSx,106222,550245,0,0
aSNSAx,101588,550398,0,0
aDBBSx,636912,668241,0,0
aCUDSx,681169,668239,0,0
aENSAx,105136,173732,0,0
aNTLSx,105466,173685,0,0
aJUSAx,105673,173690,0,0
aCCSAx,106058,208320,0,0
aLTASx,100456,173687,0,0
aCVSAx,102314,173691,0,0
aMRSAx,101268,173692,0,0
aSMSAx,106379,173693,0,0
aTXSAx,105042,173694,0,0
aDWSAx,105209,173695,0,0
aCHDSx,101323,668289,0,0
aCBSAx,105210,173696,0,0
aVFSAx,103620,208323,0,0
aOKSAx,101901,173697,0,0
aSTLSx,106084,550246,0,0
aBRTSx,106042,550248,0,0
aBSPSx,104730,550247,0,0
aJPSAx,102602,668293,0,0
aSASAx,103095,668290,0,0
aGESAx,105895,668291,0,0
aFBSAx,102266,208322,0,0
aTBSAx,103877,586343,0,0
aBLSAx,104377,586344,0,0
aTLSAx,102029,586362,0,0
aABSAx,102183,668294,0,0
aDASAx,791687,173689,0,0
aTCSAx,100081,173714,0,0
aSPRSx,100971,173715,0,0
aWVSSx,101890,208350,0,0
aBCSAx,104271,550249,0,0
aGBSAx,101825,173717,0,0
aFTSAx,101408,173678,0,0
aLISAx,104428,173719,0,0
aMLYSx,103531,173720,0,0
aSHSAx,103280,173721,0,0
aRHSAx,103613,173725,0,0
aCMSAx,100395,173652,0,0
aERBSx,100626,173649,0,0
aNZSAx,100444,173653,0,0
aDUSAx,104838,173654,0,0
aDNSAx,104301,173655,0,0
aFMSAx,105190,173656,0,0
aNSSAx,103372,173650,0,0
aVRSAx,100062,173657,0,0
aRCSAx,101045,173660,0,0
aLMSAx,101047,173662,0,0
aJMSAx,101803,173663,0,0
aCMTSx,101589,173664,0,0
aRMSAx,104184,173665,0,0
aCKSAx,104349,173666,0,0
aSRSAx,103596,173667,0,0
aSRBSx,103304,173668,0,0
aSDSAx,101967,173669,0,0
aSYSAx,101429,173670,0,0
aVDSAx,100173,173671,0,0
aWRBSx,100174,173672,0,0
aWBSAx,100311,173673,0,0
aWHSAx,104723,173674,0,0
aWLSAx,104883,173675,0,0
aYOSAx,105738,173676,0,0
aTESAx,105298,208280,0,0
aCPSAx,105464,173661,0,0
aCOSAx,100555,173659,0,0
aPOSAx,102159,173658,0,0
aSOASx,102157,208294,0,0
aPMSAx,106370,208291,0,0
aLASAx,104048,208288,0,0
aKSSAx,103518,208287,0,0
aSQSAx,102921,208293,0,0
aWSSAx,101826,208278,0,0
aSZSAx,106417,668324,0,0
aOZSAx,100907,668317,0,0
aNRSAx,104445,668319,0,0
aSHMSx,104446,668325,0,0
aWSSSx,104153,208283,0,0
aMSSAx,103260,208289,0,0
aNGCSx,102942,668322,0,0
aSGCSx,101421,668321,0,0
aBGCSx,100600,668316,0,0
aSMGSx,100154,668320,0,0
aRLSAx,100811,668323,0,0
aCHSAx,104640,668318,0,0
aCSMSx,732487,208281,0,0
aACSSx,732489,208282,0,0
aSCSSx,732493,208295,0,0
aOCSSx,732495,208290,0,0
aSSMSx,732500,208285,0,0
aSSYSx,732503,208292,0,0
aBGSAx,757080,775911,0,0
aSCSAx,777949,685566,0,0
aMUSAx,106320,173682,0,0
aRESAx,101775,173680,0,0
aMLSAx,104528,173647,0,0
aGSALx,100807,668292,0,0
aBWRWx,100237,173628,0,0
aGUWAx,100737,173629,0,0
aNRWAx,100341,173627,0,0
aMUDPx,102563,173630,0,0
aDWWAx,103777,173625,0,0
aBSNEx,101904,173617,0,0
aSTNEx,101322,173618,0,0
aEANEx,106122,173615,0,0
aRSNEx,100302,173620,0,0
aRBNEx,100208,173621,0,0
aCFNEx,104375,173622,0,0
aSENEx,100598,775939,0,0
aNDSIx,100328,173738,0,0
aSDSIx,101066,550244,0,0
aLESIx,102332,173736,0,0
aGRSIx,106536,775942,0,0
aCGSAx,101509,173742,0,0
aCASAx,105355,173743,0,0
aIGSAx,104014,173741,0,0
aCOGSx,104691,550242,0,0
aOTSAx,104835,173745,0,0
aSTOSx,104649,550252,0,0
aCTRSx,102976,550250,0,0
aCTOSx,103633,550251,0,0
aCTFRx,104837,173546,0,0
aROTFx,104648,661593,0,0
aSNTOx,104462,775976,0,0
aAMTOx,102753,773511,0,0
aBOTOx,102714,773513,0,0
aYOTOx,105396,773515,0,0
aGPTOx,100842,773516,0,0
aGRTOx,102043,773518,0,0
aBLTOx,101917,773519,0,0
aCATOx,104328,773521,0,0
aHOTOx,103748,773522,0,0
aCANEx,103751,776032,0,0
aAZTOx,105766,773525,0,0
aRSTOx,103152,773527,0,0
aOATOx,102537,773528,0,0
aSGTOx,102279,773529,0,0
aTETOx,101343,773530,0,0
aSOTOx,100109,773531,0,0
aWOTOx,103855,773532,0,0
aAGTOx,103677,773526,0,0
aFOTOx,102732,773520,0,0
aWYTOx,101600,773512,0,0
aARTOx,106312,773514,0,0
aGCTOx,105649,775988,0,0
aNCFRx,105525,173520,0,0
aSCFRx,103292,173518,0,0
aPBTRx,102258,173509,0,0
aCYTRx,102412,173510,0,0
aBVTRx,106363,173511,0,0
aCGTRx,103778,173502,0,0
aGRTRx,105168,173505,0,0
aAZTRx,103108,207283,0,0
aPWTRx,106454,173499,0,0
aBATRx,106453,173508,0,0
aSQTRx,106239,173504,0,0
aGYTRx,102087,173503,0,0
aCUTRx,100086,173538,0,0
aMCFRx,104655,173528,0,0
aBRFRx,102619,173524,0,0
aSPFRx,102742,173529,0,0
aSOFRx,106197,173530,0,0
aOCFRx,105957,173531,0,0
aSTFRx,102207,173532,0,0
aILGRx,102695,662726,0,0
aCATRx,104128,550237,0,0
aSPPEx,105099,207303,0,0
aNPTRx,105101,207313,0,0
aLGFRx,105857,207286,0,0
aUCFRx,806650,207307,0,0
aBOFRx,806592,207312,0,0
aNJFRx,806618,774547,0,0
aWCFRx,806626,173525,0,0
aSITRx,857732,774548,0,0
aBCTRx,857735,774546,0,0
aLBTRx,105750,774570,0,0
aMXTRx,100757,173536,0,0
aMWLFx,100060,173578,0,0
aGHFRx,100342,173568,0,0
aBAFRx,102193,773869,0,0
aRGCFx,103536,550238,0,0
aSPCFx,103131,550239,0,0
aCCFRx,100042,550240,0,0
aENMTx,102651,173467,0,0
aWNMTx,102436,173468,0,0
aSHFRx,102316,173470,0,0
aCOSPx,105658,173429,0,0
aEASPx,100521,173426,0,0
aHUSPx,103646,206987,0,0
aPLSPx,100558,206989,0,0
aWESPx,100387,206990,0,0
aGBSPx,104930,206991,0,0
aMXSPx,104240,206993,0,0
aCWFRx,106291,775078,0,0
aNRLFx,100633,173446,0,0
aCRLFx,105364,207009,0,0
aRGLFx,106539,775079,0,0
aPLFRx,104999,775080,0,0
aFYLFx,102584,173449,0,0
aCSFRx,103017,173450,0,0
aAMBUx,105926,775084,0,0
aCLFRx,105648,775086,0,0
aGRFRx,102178,775087,0,0
aPIGFx,102371,775091,0,0
aRIFRx,103815,775092,0,0
aRLFRx,106274,775105,0,0
aPIFRx,101857,775107,0,0
aNLFRx,101454,775108,0,0
aORFRx,101451,173458,0,0
aMIFRx,100329,775112,0,0
aWOFRx,100332,775117,0,0
aSLFRx,104396,775116,0,0
aCRFRx,105956,775123,0,0
aFBFRx,102983,775103,0,0
aLLFRx,100159,775125,0,0
aGOFRx,105963,775083,0,0
aCOFRx,105087,550546,0,0
aDGFRx,103781,775113,0,0
aSMFRx,802507,173454,0,0
aSYLFx,802511,775211,0,0
aBUTOx,103961,173552,0,0
bRTLOx,106180,174474,0,0
bCOLOx,100554,174469,0,0
bPALOx,100814,174475,0,0
bLEGRx,106061,174508,0,0
bPBGRx,100209,174505,0,0
bHOGRx,101899,174482,0,0
bRNGRx,101127,174479,0,0
bEAGRx,100013,174485,0,0
bWEGRx,106135,174503,0,0
bCLGRx,104130,554027,0,0
bMASHx,100688,174555,0,0
bFTSPx,104978,174625,0,0
bLESPx,103213,174628,0,0
bASSPx,102988,174634,0,0
bMABOx,105902,174699,0,0
bAWPEx,102798,174684,0,0
bBRPEx,817986,174685,0,0
bBRPEc,105533,174688,0,0
bBRPEa,101694,174687,0,0
bGRCOx,102054,174715,0,0
bDCCOx,101743,174717,0,0
bNECOx,101652,554375,0,0
bBRACx,100666,174724,0,0
bPECOx,103925,174725,0,0
bANHIx,100210,174755,0,0
bMAFRx,101631,174763,0,0
bAMBIx,103409,174856,0,0
bLEBIx,106202,174846,0,0
bGBHEx,100203,174773,0,0
bGREGx,103493,554135,0,0
bSNEGx,100485,174813,0,0
bLBHEx,106018,174827,0,0
bTRHEx,102427,174826,0,0
bREEGx,101686,174824,0,0
bCAEGx,105970,174803,0,0
bGRHEx,102189,174793,0,0
bBCNHx,104974,174832,0,0
bYCNHx,106355,174842,0,0
bWHIBx,100028,174930,0,0
bGLIBx,101242,174924,0,0
bWFIBx,103784,174926,0,0
bROSPx,101648,174941,0,0
bWOSTx,105982,174897,0,0
bAMFLx,818066,174976,0,0
bFUWDx,103297,175046,0,0
bBBWDx,106215,175044,0,0
bWHSWx,105749,174987,0,0
bTRUSx,105446,174992,0,0
bMUSWx,100736,174985,0,0
bGWFGx,104263,175020,0,0
bGWFGe,104369,714772,0,0
bSNGOx,101815,175038,0,0
bROGOx,104055,175041,0,0
bATBRx,103759,175011,0,0
bCANGx,770965,174999,0,0
bCACGx,103510,714068,0,0
bMUDUx,101961,175246,0,0
bWODUx,104243,175122,0,0
bGWTEx,104242,175081,0,0
bABDUx,102967,175068,0,0
bMODUx,100499,175070,0,0
bMALLx,105213,175063,0,0
bNOPIx,103829,175074,0,0
bBWTEx,106246,175086,0,0
bCITEx,100234,175089,0,0
bNSHOx,101986,175096,0,0
bGADWx,101166,175073,0,0
bEUWIx,100158,175092,0,0
bAMWIx,104824,175094,0,0
bCANVx,105229,175129,0,0
bREDHx,106196,175125,0,0
bRNDUx,100619,175128,0,0
bGRSCx,102413,175130,0,0
bLESCx,104109,175134,0,0
bCOEIx,100602,175155,0,0
bKIEIx,100137,175160,0,0
bHADUx,104856,175149,0,0
bLTDUx,103301,175147,0,0
bBLSCx,101245,175171,0,0
bSUSCx,100806,175170,0,0
bWWSCx,100120,175163,0,0
bCOGOx,101051,175141,0,0
bBAGOx,105817,175144,0,0
bBUFFx,104714,175145,0,0
bHOMEx,104711,175183,0,0
bCOMEx,105663,175185,0,0
bRBMEx,105357,175187,0,0
bRUDUx,100365,175175,0,0
bMADUx,100946,554350,0,0
bBLVUx,104530,175272,0,0
bTUVUx,103261,175265,0,0
bCACOx,101273,175274,0,0
bOSPRx,105808,175590,0,0
bHBKIx,100108,175449,0,0
bSTKIx,105003,175289,0,0
bWTKIx,105756,175282,0,0
bSNKIx,102308,175295,0,0
bMIKIx,104468,554268,0,0
bBAEAx,104470,175420,0,0
bNOHAx,103344,175430,0,0
bSSHAx,771066,175304,0,0
bCOHAx,100417,175309,0,0
bNOGOx,104351,175300,0,0
bCOBHx,799241,175402,0,0
bHASHx,105646,175397,0,0
bGRHAx,104027,175378,0,0
bRSHAx,103156,175359,0,0
bBWHAx,100789,175365,0,0
bSTHAx,105929,175372,0,0
bSWHAx,105571,175367,0,0
bWTHAx,104386,175369,0,0
bZTHAx,104066,175368,0,0
bRTHAx,103000,175350,0,0
bFEHAx,103222,175377,0,0
bRLHAx,105206,175373,0,0
bGOEAx,100925,175407,0,0
bCRCAx,101875,175595,0,0
bAMKEx,101079,175622,0,0
bMERLx,105574,175613,0,0
bAPFAx,106241,175610,0,0
bPEFAx,102654,175604,0,0
bGYRFx,102763,175599,0,0
bPRFAx,106120,175603,0,0
bPLCHx,103601,175716,0,0
bGRAPx,106284,175915,0,0
bCHUKx,100461,175908,0,0
bRNEPx,101333,175905,0,0
bSPGRx,104936,553896,0,0
bDUGRx,795273,175860,0,0
bSOGRx,795274,175776,0,0
bWTPTx,102622,677541,0,0
bRUGRx,102687,175790,0,0
bGRSGx,105314,175855,0,0
bGUSGx,100905,677540,0,0
bGRPCx,102531,175834,0,0
bGRPCa,102588,175837,0,0
bGRPCp,106546,175836,0,0
bLEPCx,101816,175838,0,0
bSTGRx,104212,175841,0,0
bSTGRc,104539,175849,0,0
bSTGRj,100742,175853,0,0
bSTGRa,104212,175851,4,0
bWITUx,104229,176136,0,0
bWITUm,103589,176140,0,0
bWITUi,105430,677664,0,0
bMONQx,104569,175900,0,0
bNOBOx,106280,175863,0,0
bSCQUx,102396,175872,0,0
bGAQUx,106565,175877,0,0
bCAQUx,104472,175876,0,0
bMOUQx,104712,175893,0,0
bYERAx,100233,176259,0,0
bBLRAx,105641,176263,0,0
bBLRAc,104516,176265,0,0
bCLRAx,103230,176209,0,0
bKIRAx,102039,176207,0,0
bVIRAx,106335,176221,0,0
bSORAx,103998,176242,0,0
bPUGAx,102049,707815,0,0
bCOMOx,105556,176284,0,0
bAMCOx,103406,176292,0,0
bLIMPx,104955,176197,0,0
bSACRx,104550,176177,0,0
bWHCRx,102973,176176,0,0
bBBPLx,102793,176567,0,0
bPAGPx,102524,554381,0,0
bSNPLx,102013,824030,0,0
bSNPLn,100393,824565,0,0
bWIPLx,104251,176517,0,0
bSEPLx,103068,176506,0,0
bPIPLx,106046,176507,0,0
bKILLx,101693,176520,0,0
bMOPLx,101696,176522,0,0
bAMOYx,102614,176472,0,0
bBLOYx,103385,176475,0,0
bBNSTx,105198,176726,0,0
bAMAVx,100007,176721,0,0
bGRYEx,105760,176619,0,0
bLEYEx,100017,176620,0,0
bSOSAx,105827,176615,0,0
bWILLx,100605,176638,0,0
bWATAx,104652,176630,0,0
bSPSAx,105831,726049,0,0
bUPSAx,102059,176610,0,0
bWHIMx,105017,176599,0,0
bLBCUx,100438,176593,0,0
bMAGOx,101687,176686,0,0
bRUTUx,102944,176571,0,0
bBLTUx,106575,176574,0,0
bSURFx,102945,176673,0,0
bREKNx,100057,176642,0,0
bSANDx,102190,176669,0,0
bWESAx,104028,176668,0,0
bLESAx,102217,176656,0,0
bPUSAx,103345,176646,0,0
bROSAx,103383,176647,0,0
bDUNLx,101733,176661,0,0
bSTSAx,100427,554145,0,0
bSBDOx,101082,176675,0,0
bLBDOx,100840,176679,0,0
bWISNx,103058,726048,0,0
bAMWOx,105226,176580,0,0
bWIPHx,105425,176736,0,0
bREPHx,636983,176734,0,0
bPAJAx,100286,176793,0,0
bLAGUx,101747,176837,0,0
bFRGUx,101670,176838,0,0
bLIGUx,104598,176840,0,0
bBOGUx,106311,176839,0,0
bHEEGx,106008,176841,0,0
bMEGUx,100425,176832,0,0
bRBGUx,100423,176830,0,0
bCAGUx,100812,176829,0,0
bHERGx,105038,176824,0,0
bTHGUx,104545,176828,0,0
bICGUx,105424,176811,0,0
bLBBGx,102581,176821,0,0
bYFGUx,100643,176880,0,0
bWEGUx,102574,176817,0,0
bGWGUx,101457,176814,0,0
bGLGUx,101458,176808,0,0
bGBBGx,104344,176815,0,0
bGBTEx,102273,176882,0,0
bCATEx,104635,176935,0,0
bROYTx,104053,176922,0,0
bELTEx,103610,176931,0,0
bSATEx,103220,176932,0,0
bROSTx,105391,176891,0,0
bCOTEx,101840,176888,0,0
bARTEx,101556,176890,0,0
bFOTEx,101506,176887,0,0
bLETEx,101508,824127,0,0
bLETEa,103386,825083,0,0
bLETEb,104205,825084,0,0
bBRTEx,103278,176897,0,0
bSOTEx,101718,176894,0,0
bBLTEx,105682,176959,0,0
bBRNOx,103269,176941,0,0
bBLSKx,105078,554447,0,0
bDOVEx,103393,176982,0,0
bCOMUx,100098,176974,0,0
bTBMUx,100797,176978,0,0
bRAZOx,100936,176971,0,0
bBLGUx,105639,176985,0,0
bPIGUx,106136,176991,0,0
bMAMUx,100239,176996,0,0
bXAMUx,101443,177011,0,0
bCAAUx,104487,177013,0,0
bRHAUx,106458,177023,0,0
bTUPUx,100853,177032,0,0
bATPUx,100307,177025,0,0
bROPIx,105107,177071,0,0
bWCPIx,101675,676903,0,0
bRBPIx,100914,676900,0,0
bBTPIx,103830,676899,0,0
bSPDOx,101834,177134,0,0
bEUCDx,101660,177139,0,0
bWWDOx,100288,177121,0,0
bMODOx,104326,177125,0,0
bINDOx,105243,177162,0,0
bCOGDx,102817,177152,0,0
bWTDOx,101994,177166,0,0
bMOPAx,106580,177723,0,0
bGREPx,104474,177683,0,0
bMIPAx,103794,177686,0,0
bRCPAx,102063,177806,0,0
bBBCUx,103435,177834,0,0
bYBCUx,105709,177831,0,0
bMACUx,100097,177828,0,0
bGRROx,104687,177836,0,0
bGBANx,102907,177839,0,0
bBANOx,100734,177851,0,0
bFLOWx,104998,177878,0,0
bEASOx,102821,686658,0,0
bWESOx,103456,686659,0,0
bWHSOx,100787,686662,0,0
bGHOWx,770876,177884,0,0
bSNOWx,103975,686683,0,0
bNOPOx,100316,177902,0,0
bNOPOc,102751,177904,0,0
bNOPOg,104484,177907,0,0
bFEPOx,106384,177908,0,0
bFEPOc,101546,177909,0,0
bELOWx,106556,177912,0,0
bBUOWx,106553,177946,0,0
bBUOWf,102493,687089,0,0
bBUOWh,103827,687093,0,0
bSPOWx,103254,177925,0,0
bSPOWc,104619,177926,0,0
bSPOWl,101065,177928,0,0
bSPOWo,103028,177927,0,0
bBADOx,103621,177921,0,0
bGGOWx,100756,177929,0,0
bLEOWx,101120,177932,0,0
bSEOWx,100351,177935,0,0
bBOOWx,105053,177938,0,0
bNSWOx,106412,177942,0,0
bLENIx,104634,177988,0,0
bCONIx,102646,177979,0,0
bANNIx,103362,177992,0,0
bCOPAx,105776,177975,0,0
bCOPOx,101533,555544,0,0
bCWWIx,102662,177960,0,0
bBCNIx,102526,177966,0,0
bWPWIx,104220,177961,0,0
bBLSWx,101434,177997,0,0
bCHSWx,106082,178001,0,0
bVASWx,101463,178002,0,0
bWTSWx,106570,178014,0,0
bBBIHx,103991,178073,0,0
bBBEHx,103046,178060,0,0
bVCHUx,102386,178066,0,0
bBTHHx,105629,178054,0,0
bMAHUx,101260,178050,0,0
bLUHUx,106450,178030,0,0
bRTHUx,105069,178032,0,0
bBCHUx,104387,178033,0,0
bANHUx,101647,178036,0,0
bCOHUx,105238,178035,0,0
bCAHUx,100381,178048,0,0
bBTAHx,104482,178038,0,0
bRUHUx,102866,178040,0,0
bALHUx,103447,178041,0,0
bELTRx,101307,178096,0,0
bBEKIx,105467,178106,0,0
bGKINx,100200,178112,0,0
bLEWOx,106409,178196,0,0
bRHWOx,103539,178186,0,0
bACWOx,101493,178189,0,0
bGIWOx,105515,178198,0,0
bGFWOx,101987,178194,0,0
bRBWOx,101877,178195,0,0
bYBSAx,102671,178202,0,0
bRBSAx,103568,178212,0,0
bWISAx,101135,178208,0,0
bRNSAx,101489,178211,0,0
bLBWOx,100703,178260,0,0
bNUWOx,100008,178258,0,0
bDOWOx,105113,178259,0,0
bHAWOx,104568,178262,0,0
bRCWOx,103433,178257,0,0
bWHWOx,100448,178256,0,0
bBBWOx,102076,178250,0,0
bARWOx,102075,685724,0,0
bATTWx,106444,685725,0,0
bNOFLx,106142,178154,0,0
bGIFLx,105351,554081,0,0
bPIWOx,102132,178166,0,0
bNOBTx,104221,178376,0,0
bOSFLx,102228,554221,0,0
bGRPEx,101091,178356,0,0
bWEWPx,104052,178360,0,0
bEAWPx,103459,178359,0,0
bYBFLx,105866,178338,0,0
bACFLx,103712,178339,0,0
bALFLx,104821,178340,0,0
bWIFLx,103270,178341,0,0
bLEFLx,105566,178344,0,0
bHAFLx,100912,554254,0,0
bDUFLx,100651,178346,0,0
bGRFLx,100653,178347,0,0
bPSFLx,103795,178348,0,0
bBBFLx,106116,178352,0,0
bCOFLx,100103,554255,0,0
bBLPHx,103376,178330,0,0
bEAPHx,102820,178329,0,0
bSAPHx,100085,178333,0,0
bVEFLx,100782,178371,0,0
bDCFLx,104733,178319,0,0
bATFLx,105675,178316,0,0
bGCFLx,105609,178309,0,0
bBCFLx,100678,178312,0,0
bGKISx,102770,178301,0,0
bSBFLx,101208,178305,0,0
bTRKIx,105427,178282,0,0
bCOKIx,100786,178291,0,0
bCAKIx,100652,178288,0,0
bTBKIx,104784,178292,0,0
bWEKIx,104787,178287,0,0
bEAKIx,102908,178279,0,0
bGRAKx,106125,178280,0,0
bSTFLx,100078,178293,0,0
bRTBEx,100681,178384,0,0
bHOLAx,105501,554256,0,0
bPUMAx,104037,178464,0,0
bTRESx,101167,178431,0,0
bVGSWx,100465,178427,0,0
bNRWSx,100539,178443,0,0
bBANSx,101769,178436,0,0
bCLSWx,101677,178455,0,0
bCASWx,104728,178460,0,0
bBARSx,104225,178448,0,0
bGRAJx,103247,179667,0,0
bSTJAx,100321,179685,0,0
bBLJAx,101039,179680,0,0
bGREJx,103837,179712,0,0
bBRJAx,106059,179715,0,0
bFLSJx,103378,179693,0,0
bMEJAx,102261,179707,0,0
bWESJx,105554,554128,0,0
bISSJx,101002,554129,0,0
bPIJAx,101291,179748,0,0
bCLNUx,101001,179750,0,0
bBBMAx,104685,726117,0,0
bYBMAx,104725,179723,0,0
bAMCRx,104686,179731,0,0
bNOCRx,104726,179736,0,0
bTACRx,102446,179743,0,0
bFICRx,101678,179737,0,0
bCHRAx,104218,179730,0,0
bCORAx,103734,179725,0,0
bBCCHx,105569,554382,0,0
bCACHx,102434,554383,0,0
bMECHx,102203,554388,0,0
bMOCHx,101252,554385,0,0
bBOCHx,106548,726112,0,0
bCBCHx,104851,554387,0,0
bBRTIx,103375,554141,0,0
bOATIx,103557,554140,0,0
bTUTIx,101297,554138,0,0
bJUTIx,105532,650445,0,0
bBCTIx,106281,558842,0,0
bVERDx,102704,178759,0,0
bBUSHx,102220,178764,0,0
bRBNUx,106131,178784,0,0
bWBNUx,105632,178775,0,0
bPYNUx,100063,178788,0,0
bBHNUx,104638,178785,0,0
bBRCRx,102429,178803,0,0
bCACWx,101450,178587,0,0
bROWRx,103741,178614,0,0
bCANWx,105578,178610,0,0
bCARWx,106550,178581,0,0
bBEWRx,100618,178562,0,0
bHOWRx,105321,178541,0,0
bWIWRx,101276,178547,0,0
bSEWRx,105322,178605,0,0
bMAWRx,106147,178608,0,0
bAMDIx,101202,178536,0,0
bGCKIx,100997,179865,0,0
bRCKIx,102517,179870,0,0
bBGGNx,105237,179853,0,0
bBTGNx,101192,179857,0,0
bCAGNx,103548,554389,0,0
bEABLx,101930,179801,0,0
bWEBLx,101254,179806,0,0
bMOBLx,104039,179811,0,0
bTOSOx,106360,179824,0,0
bVEERx,103031,179796,0,0
bSWTHx,100960,179788,0,0
bHETHx,100340,179779,0,0
bBITHx,106330,554148,0,0
bWOTHx,106491,179777,0,0
bAMROx,102179,179759,0,0
bVATHx,104668,179773,0,0
bWRENx,103985,178826,0,0
bGRCAx,104829,178625,0,0
bNOMOx,100932,178620,0,0
bSATHx,101963,178654,0,0
bBRTHx,103922,178627,0,0
bLBTHx,103483,178630,0,0
bBETHx,105855,178636,0,0
bCBTHx,100883,178637,0,0
bCATHx,104858,178642,0,0
bCRTHx,103739,178652,0,0
bLCTHx,103738,178645,0,0
bAMPIx,104166,554127,0,0
bSPPIx,104315,178499,0,0
bBOWAx,105570,178529,0,0
bCEDWx,102435,178532,0,0
bPHAIx,104859,179877,0,0
bNSHRx,101551,178511,0,0
bLOSHx,104527,178515,0,0
bEUSTx,103906,179637,0,0
bCOMYx,105264,554025,0,0
bWEVIx,103052,178991,0,0
bBEVIx,100979,179003,0,0
bBCVIx,105332,178990,0,0
bGRVIx,101771,179008,0,0
bBHVIx,104986,179010,0,0
bYTVIx,103231,179009,0,0
bHUVIx,101869,178997,0,0
bWAVIx,101222,179023,0,0
bPHVIx,100611,179022,0,0
bREVIx,104140,179021,0,0
bBWVIx,105089,179016,0,0
bYGVIx,102731,179019,0,0
bPLVIx,100629,554477,0,0
bCAVIx,100146,554456,0,0
bBWWAx,105701,178853,0,0
bGWWAx,102068,178852,0,0
bTEWAx,101955,178855,0,0
bOCWAx,101318,178856,0,0
bNAWAx,105118,178861,0,0
bVIWAx,104760,178864,0,0
bCOLWx,105521,178865,0,0
bLUWAx,106111,178866,0,0
bNOPAx,102108,178868,0,0
bTRPAx,102272,178869,0,0
bYWARx,106383,178878,0,0
bCSWAx,104815,178911,0,0
bMAWAx,104401,178886,0,0
bCMWAx,102913,178887,0,0
bBTBWx,103528,178888,0,0
bYRWAx,101442,178891,0,0
bBTYWx,106342,178896,0,0
bTOWAx,105911,178897,0,0
bHEWAx,100066,178902,0,0
bBTNWx,100065,178898,0,0
bGCWAx,104938,178901,0,0
bBLBWx,104385,178904,0,0
bYTWAx,105611,178905,0,0
bGRWAx,105898,178909,0,0
bPIWAx,101876,178914,0,0
bKIWAx,102456,178917,0,0
bPRAWx,103980,178918,0,0
bPAWAx,104190,178921,0,0
bBBWAx,105277,178912,0,0
bBLPWx,103335,178913,0,0
bCERWx,101759,178903,0,0
bBAWWx,106290,178844,0,0
bAMREx,101347,178979,0,0
bPROWx,100372,178846,0,0
bWEWAx,104782,726195,0,0
bSWWAx,103514,178848,0,0
bOVENx,103515,726205,0,0
bNOWAx,102665,178931,0,0
bLOWAx,105622,178935,0,0
bKEWAx,103148,178937,0,0
bCONWx,101957,178938,0,0
bMOWAx,102326,178939,0,0
bMGWAx,101590,178940,0,0
bCOYEx,101873,178944,0,0
bHOWAx,105404,178972,0,0
bWIWAx,100788,178973,0,0
bCAWAx,100725,178977,0,0
bRFWAx,100492,178970,0,0
bPAREx,103395,178986,0,0
bYBCHx,104641,178964,0,0
bOLWAx,102247,178874,0,0
bHETAx,777561,179884,0,0
bSUTAx,102430,179888,0,0
bSCTAx,101306,179883,0,0
bWETAx,105777,179882,0,0
bNOCAx,105565,179124,0,0
bPYRRx,102773,179132,0,0
bRBGRx,102231,179139,0,0
bBHGRx,106480,179140,0,0
bBLGRx,103868,726198,0,0
bLAZBx,103060,179151,0,0
bINBUx,103315,179150,0,0
bVABUx,101713,179152,0,0
bPABUx,100705,179156,0,0
bDICKx,106001,179165,0,0
bOLSPx,101230,179271,0,0
bGTTOx,104040,179310,0,0
bEATOx,105602,179276,0,0
bCANTx,100004,179293,0,0
bABTOx,105909,179307,0,0
bCALTx,102324,202307,0,0
bSPTOx,104406,554380,0,0
bWCSEx,102172,179201,0,0
bBACSx,105170,179386,0,0
bBOSPx,104934,179390,0,0
bCASPx,102862,179393,0,0
bRWSPx,103171,179375,0,0
bRCSPx,100071,179377,0,0
bATSPx,105457,179432,0,0
bCHSPx,102758,179435,0,0
bCCSPx,100970,179439,0,0
bBRSPx,100732,179440,0,0
bFISPx,102535,179443,0,0
bBCSPx,104236,179448,0,0
bVESPx,103115,179366,0,0
bVESPa,106361,179369,0,0
bLASPx,102370,179371,0,0
bBTSPx,101363,179395,0,0
bSAGSx,104426,997724,0,0
bSAGSb,101203,998052,0,0
bSAGSc,100803,998053,0,0
bSAGSa,104426,998051,4,0
bSAGSn,902215,997723,1,1
bFSSPx,103989,554030,0,0
bLARBx,104443,179312,0,0
bSAVSx,103538,179314,0,0
bBAISx,102591,179339,0,0
bGRSPx,100347,179333,0,0
bGRSPf,102168,179335,0,0
bHESPx,100620,179340,0,0
bLCSPx,100333,179345,0,0
bSSTSx,102378,179344,0,0
bSESPx,104429,179346,0,0
bNSTSx,103846,554031,0,0
bFOSPx,102367,179464,0,0
bSOSPx,104278,179492,0,0
bLISPx,105323,179484,0,0
bSWSPx,103651,179488,0,0
bWTSPx,102710,179462,0,0
bGCSPx,101900,179461,0,0
bEWCSx,106488,179455,0,0
bHASPx,101459,179454,0,0
bDEJUx,101635,179410,0,0
bYEJUx,101400,179427,0,0
bMCLOx,101543,179525,0,0
bLALOx,100665,179526,0,0
bSMLOx,103981,179529,0,0
bCCLOx,105108,179530,0,0
bSNBUx,104471,179532,0,0
bBOBOx,102736,179032,0,0
bRWBLx,102734,179045,0,0
bTRBLx,101015,179060,0,0
bEAMEx,104171,179034,0,0
bWEMEx,105149,179039,0,0
bYHBLx,106463,179043,0,0
bRUBLx,101597,179091,0,0
bBRBLx,101341,179094,0,0
bGTGRx,103041,179109,0,0
bBTGRx,103534,179108,0,0
bCOGRx,105697,179104,0,0
bSHCOx,104019,179117,0,0
bBROCx,104495,179116,0,0
bBHCOx,102638,179112,0,0
bORORx,104372,179064,0,0
bHOORx,105677,179070,0,0
bSBAOx,100667,179079,0,0
bSBORx,104378,179068,0,0
bALORx,103074,179076,0,0
bAUORx,100928,179065,0,0
bBAORx,100447,179083,0,0
bSCORx,100446,179082,0,0
bBUORx,102107,554267,0,0
bBLRFx,105480,179222,0,0
bBCRFx,106154,179223,0,0
bGCRFx,103907,179215,0,0
bPIGRx,104920,179205,0,0
bPUFIx,102759,179186,0,0
bCAFIx,100969,179190,0,0
bHOFIx,100731,179191,0,0
bRECRx,103114,179259,0,0
bWWCRx,105473,179268,0,0
bCOREx,102366,179230,0,0
bHOREx,102542,179231,0,0
bPISIx,101582,179233,0,0
bLEGOx,101583,179234,0,0
bLAGOx,101578,179232,0,0
bAMGOx,105854,179236,0,0
bEVGRx,102678,179173,0,0
bHOSPx,106216,179628,0,0
bETSPx,101931,179630,0,0
mVIOPx,106143,179921,0,0
mCISHx,101993,179929,0,0
mMLSHx,101253,179948,0,0
mPBSHx,106475,179954,0,0
mSPSHx,103012,179936,0,0
mVASHx,106262,179932,0,0
mVASHh,105021,710100,0,0
mVASHp,807080,710101,0,0
mDUSHx,101738,179950,0,0
mPASHx,101683,179953,0,0
mPASHp,102899,710078,0,0
mPASHc,104654,710077,0,0
mORSHx,101684,179952,0,0
mORSHw,102901,710076,0,0
mORSHr,104657,633864,0,0
mORSHi,100323,710075,0,0
mORSHa,102624,710074,0,0
mORSHs,104076,710073,0,0
mINSHx,100528,179955,0,0
mDWSHx,104880,179951,0,0
mAWSHx,102872,179933,0,0
mMRSHx,100289,179940,0,0
mSMSHx,100796,179943,0,0
mACSHx,638084,179935,0,0
mLTSHx,802276,179941,0,0
mTRSHx,103809,179956,0,0
mMESHx,106414,179949,0,0
mARSHx,103567,179939,0,0
mAPSHx,103177,179946,0,0
mPRSHx,105606,179945,0,0
mBDSHx,104591,709810,0,0
mFOSHx,103553,552508,0,0
mNMSHx,105390,555657,0,0
mNOSSx,104671,179967,0,0
mSOTSx,104067,179968,0,0
mESTSx,103662,179969,0,0
mNALSx,791224,179971,0,0
mCRGSx,101665,179973,0,0
mCGSHx,768298,709803,0,0
mSHMOx,100668,179975,0,0
mTOMOx,101956,179983,0,0
mCSMOx,104887,179982,0,0
mBFMOx,103950,179981,0,0
mHTMOx,103941,179977,0,0
mEAMOx,106146,179979,0,0
mEAMOa,104966,709992,0,0
mEAMOt,103457,710005,0,0
mSNMOx,102048,179964,0,0
mPGFBx,106339,180051,0,0
mCLEBx,100867,180071,0,0
mMLTBx,101310,180062,0,0
mMLNBx,104259,180068,0,0
mCLOBx,106286,552464,6,0
mJFEBx,777987,180058,0,0
mLBMYx,100473,179988,0,0
mYUMYx,101057,180004,0,0
mSEMYx,104595,179993,0,0
mGRMYx,104746,179997,0,0
mCVMYx,106328,180003,0,0
mKEMYx,105436,179989,0,0
mLEMYx,798516,179995,0,0
mSWMYx,100717,179992,0,0
mFRMYx,100426,180002,0,0
mINMYx,100428,180001,0,0
mLLMYx,102173,179990,0,0
mCAMYx,104207,179991,0,0
mESFMx,106402,179999,0,0
mWSFMx,103346,179994,0,0
mNOMYx,102615,180000,0,0
mARMYx,638468,946254,0,0
mSHBAx,104362,180014,0,0
mWEPIx,103623,180024,0,0
mEAPIx,102580,180025,0,0
mBBBAx,105810,180008,0,0
mERBAx,799416,180016,0,0
mSEBAx,102196,180020,0,0
mHOBAx,106446,180017,0,0
mNYBAx,106346,180019,0,0
mSYBAx,104929,180018,0,0
mWRBAx,102668,552512,0,0
mWYBAx,103577,552502,0,0
mEVBAx,799511,180022,0,0
mSPBAx,104813,180010,0,0
mTBEBx,103228,203452,0,0
mTBEBi,104608,632276,0,0
mTBEBv,100716,203454,0,0
mTBEBp,105024,203458,0,0
mTBEBt,106329,203453,0,0
mTBEBa,103228,632279,4,0
mRBEBx,102452,555664,0,0
mABEBx,106433,180012,0,0
mPABAx,106431,180006,0,0
mMFTBx,102529,180088,0,0
mGBBAx,103930,180080,0,0
mUMBAx,102829,180081,0,0
mFBBAx,104958,946276,0,0
mWBBAx,104958,180079,4,0
mPMBAx,798402,180083,0,0
mPFTBx,102156,180085,0,0
mBFTBx,101410,180086,0,0
mNBARx,100467,180103,0,0
mPIKAx,101805,180109,0,0
mBRRAx,105860,180123,0,0
mMARAx,100126,180120,0,0
mMARAh,105702,202349,0,0
mEACOx,791124,180124,0,0
mROCOx,100820,555658,0,0
mMOCOx,103067,180126,0,0
mDECOx,103423,180122,0,0
mSWRAx,105645,180121,0,0
mAPCOx,101018,552514,0,0
mNGCOx,791204,180127,0,0
mSNHAx,104729,180112,0,0
mWTJAx,100375,180118,0,0
mBTJAx,100876,180115,0,0
mWSJAx,102022,180116,0,0
mANJAx,106344,180114,0,0
mPYRAx,102656,552521,0,0
mPYRAc,637957,552521,0,5
mSEWEx,101780,180133,0,0
mSEWEn,104721,202351,0,0
mSEWEp,100536,203477,0,0
mSEWEc,101050,203471,0,0
mSEWEr,102374,202350,0,0
mSEWEo,894467,180133,0,4
mSEWEa,101780,203475,4,0
mSEWEh,101780,203473,4,0
mALCHx,102392,180189,3,0
mLECHx,103812,180195,3,0
mLECHt,102143,632531,3,0
mLECHc,102895,931310,3,0
mLECHa,103851,931309,3,0
mYPCHx,103853,180190,3,0
mYPCHc,101472,931137,3,0
mTOCHx,105861,180208,3,0
mYCCHx,102756,180197,3,0
mSHCHx,102290,180203,3,0
mSICHx,101954,180204,3,0
mSOCHx,101465,180205,3,0
mMMCHx,101063,180194,3,0
mCFCHx,101062,180196,3,0
mCLCHx,103986,180193,3,0
mCOCHx,103893,180201,3,0
mRTCHx,105876,180202,3,0
mGCCHx,102849,180192,3,0
mGFCHx,101405,180191,3,0
mLOECx,100740,180200,3,0
mLOCHx,105567,180206,3,0
mLOCHc,105202,931198,3,0
mPNCHx,100573,180199,3,0
mUICHx,104775,180209,3,0
mPACHx,104774,180198,3,0
mEACHx,105245,180207,0,0
mHOCHx,106127,552503,3,0
mWOODx,106510,180137,0,0
mYEMAx,104002,180140,0,0
mYEMAn,101177,931015,0,0
mHOMAx,103513,180139,0,0
mOLMAx,102145,180141,0,0
mHASQx,103116,180179,0,0
mWTASx,103162,180181,0,0
mTASQx,102058,180180,0,0
mNASQx,101173,180182,0,0
mTGSQx,102480,930323,0,0
mWASQx,101353,930325,0,0
mIGSQx,100453,930316,0,0
mIGSQb,102796,931245,0,0
mIGSQe,104618,931232,0,0
mRGSQx,100987,930322,0,0
mUGSQx,104586,930314,0,0
mBGSQx,104604,930315,0,0
mCOSQx,103644,930318,0,0
mTLGSx,100397,930308,0,0
mMESQx,100396,930307,0,0
mSGSQx,100684,930312,0,0
mFGSQx,105759,930309,0,0
mROSQx,102556,930302,0,0
mCASQx,103839,930301,0,0
mMOSQx,103905,930310,0,0
mRTGSx,103413,930313,0,0
mGMGSx,102855,930305,0,0
mGMGSb,807083,931060,0,0
mCGGSx,102354,930304,0,0
mWYSQx,102073,930319,0,0
mWYSQn,106011,931054,0,0
mWYSQa,102073,931053,4,0
mWYSQe,102073,931052,4,0
mPGSQx,102074,930320,0,0
mMGSQx,101708,930317,0,0
mPTPDx,100941,180186,0,0
mWTPDx,105950,180185,0,0
mUPDOx,104289,180187,0,0
mGPDOx,104656,180184,0,0
mEBSQx,104371,180175,0,0
mWGSQx,104592,180176,0,0
mABSQx,103540,180173,0,0
mABSQk,102215,930412,0,0
mEFSQx,105485,180172,0,0
mEFSQa,104399,931247,0,0
mEFSQc,101838,202358,0,0
mMFSQx,100238,180177,0,0
mAGSQx,100738,180174,0,0
mRBSQx,100344,552498,0,0
mRESQx,104800,180166,0,0
mRESQg,101915,202353,0,0
mDOSQx,102800,180167,0,0
mSFSQx,102958,180170,0,0
mNFSQx,101032,180169,0,0
mNFSQa,106172,632537,0,0
mNFSQo,101609,202355,0,0
mNFSQf,102166,202356,0,0
mSPGOx,101178,180230,0,0
mSPGOe,103490,900531,0,0
mSPGOi,104911,900536,0,0
mBOGOx,100356,180222,0,0
mTPGOx,104833,180229,0,0
mNPGOx,104542,180228,0,0
mWYGOx,103243,180224,0,0
mWPGOx,106139,180226,0,0
mIPGOx,101241,180225,0,0
mMPGOx,100305,180227,0,0
mCPGOx,100706,180223,0,0
mPPGOx,106455,180216,0,0
mDPGOx,104006,180215,0,0
mTXGOx,103330,180217,0,0
mSEGOx,103532,180218,0,0
mAPGOx,101594,552516,0,0
mBPGOx,105796,552517,0,0
mKJPGx,105385,552518,0,0
mCTPGx,106158,552519,0,0
mSPOGx,100810,900166,0,0
mYFPGx,799720,180220,0,0
mOBPMx,105335,180260,0,0
mPPMOx,104926,180261,0,0
mSLMOx,103740,180262,0,0
mLPMOx,102955,180267,0,0
mLPMOp,102167,625245,0,0
mAPMOx,103544,180256,0,0
mSJPMx,105562,180265,0,0
mGBPMx,102204,180269,0,0
mWEPMx,101896,180255,0,0
mMPMOx,104376,552488,0,0
mDKMOx,103824,180252,0,0
mDKMOn,102188,900759,0,0
mPKMOx,103796,180253,0,0
mOKRAx,103588,180244,0,0
mCTKRx,102909,180242,0,0
mNFKRx,101919,180248,0,0
mAKRAx,101563,180233,0,0
mHKRAx,106105,180239,0,0
mHKRAm,104260,202360,0,0
mCKRAx,104299,180234,0,0
mGKRAx,103814,180240,0,0
mPKRAx,103384,180245,0,0
mSKRAx,103382,180247,0,0
mBTKRx,103225,180246,0,0
mTKRAx,101748,180237,0,0
mDKRAx,105809,180236,0,0
mMKRAx,100458,180241,0,0
mSJKRx,100865,180243,0,0
mSJKRe,100973,202362,0,0
mSJKRn,103526,202361,0,0
mGCKRx,105160,180235,0,0
mDZRAx,103826,555660,0,0
mMSPMx,101977,180250,0,0
mBPMOx,769108,552520,0,0
mCPMOx,100888,552491,0,0
mSDPMx,104756,552510,0,0
mLTPMx,106345,552482,0,0
mHPMOx,106049,552483,0,0
mRPMOx,103318,552484,0,0
mNPMOx,101745,552485,0,0
mDPMOx,100670,552486,0,0
mSPMOx,100459,552487,0,0
mCHPMx,100462,552489,0,0
mBCPMx,768502,900643,0,0
mAMBEx,100922,180212,0,0
mMAORx,104423,180336,0,0
mMAORn,104405,180336,0,4
mCOORx,104170,180337,0,0
mPHMOx,102634,180344,0,0
mEHMOx,106137,180342,0,0
mWHMOx,105306,180343,0,0
mSMHMx,102291,180345,0,0
mFHMOx,101839,180341,0,0
mCCDEx,100994,180286,0,0
mMEDEx,101887,180288,0,0
mCADEx,102438,180283,0,0
mNADEx,101416,180276,0,0
mOLDEx,106418,180290,0,0
mOLDEm,101301,180290,0,4
mOLDEt,105073,180290,0,4
mOLDEa,100415,180290,0,4
mOLDEh,105259,180290,0,4
mOLDEl,101599,180290,0,4
mOLDEn,102064,180290,0,4
mOLDEp,103306,180290,0,4
mWFDEx,103307,180278,0,0
mCODEx,103180,180279,0,0
mCNDEx,102501,180284,0,0
mBRDEx,784076,180282,0,0
mTXDEx,106428,180281,0,0
mWADEx,105708,180289,0,0
mPIDEx,100548,180291,0,0
mPIDEc,103019,180291,0,4
mNRDEx,104292,552496,0,0
mBEDEx,102816,180287,0,0
mSADEx,106289,552495,0,0
mNODEx,100124,552497,0,0
mNBDEx,641145,970631,0,0
mGOMOx,101981,180379,0,0
mNPYMx,104307,180368,0,0
mNGMOx,104168,180382,0,0
mSGMOx,103432,180383,0,0
mCGMOx,103555,180381,0,0
mHCRAx,799832,180349,0,0
mACRAx,106492,180347,0,0
mACRAp,101792,180347,0,4
mACRAc,791523,180347,0,4
mTBCRx,105544,180348,0,0
mYNCRx,100939,180350,0,0
mEAWOx,100518,180372,0,0
mEAWOs,104984,180372,0,4
mSPWOx,100142,180376,0,0
mWTHWx,799195,180370,0,0
mDEWOx,104732,180374,0,0
mAZWOx,106347,552494,0,0
mSTWOx,102835,180377,0,0
mMEWOx,102682,180375,0,0
mDFWOx,768534,180373,0,0
mDFWOs,768539,180373,0,4
mBTWOx,101806,180371,0,0
mALWOx,101808,555661,0,0
mWTWOx,102462,970628,0,0
mBEWOx,768509,970629,0,0
mSRBVx,105153,970612,0,0
mSRBVb,105999,970612,0,4
mWRBVx,103791,180295,0,0
mWHVOx,105193,180359,0,0
mEHVOx,103453,552492,0,0
mMEVOx,103729,180297,0,0
mMEVOd,106543,180297,0,4
mMOVOx,104293,180310,0,0
mMOVOn,101726,180310,0,4
mMOVOa,102377,180310,0,4
mMOVOf,101211,180310,0,4
mCAVOx,102779,180305,0,0
mCAVOc,101942,180305,0,4
mTOVOx,105664,180316,0,0
mTOVOp,106537,972933,0,0
mLTVOx,102513,180299,0,0
mLTVOl,102845,180299,0,4
mROVOx,103836,180307,0,0
mROVOc,105684,180307,0,4
mCRVOx,106060,180313,0,0
mPRVOx,101287,180312,0,0
mPRVOt,101969,180312,0,4
mWOVOx,100495,180314,0,0
mGTVOx,104003,180306,0,0
mNAWVx,102649,180315,0,0
mMGVOx,102583,552480,0,0
mSAVOx,101975,552490,0,0
mRTMUx,101309,180357,0,0
mCMMUx,103944,180318,0,0
mSBLEx,105343,180324,0,0
mNBLEx,105448,180323,0,0
mFLDEx,102175,180339,0,0
mRORAx,104007,180362,0,0
mBRRTx,105915,180363,0,0
mHOMOx,106007,180366,0,0
mWFVOx,102121,180352,0,0
mRTVOx,101630,180353,0,0
mSTVOx,105805,552505,0,0
mMJMOx,105207,180386,0,0
mWEMOx,102879,180387,0,0
mPJMOx,100916,180388,0,0
mWJMOx,105732,180390,0,0
mNAPOx,101195,180393,0,0
mCOYPx,102549,180402,0,0
mCOYOx,102680,180599,0,0
mGRWOr,106386,726841,0,0
mGRWOx,105212,180596,0,0
mGRWOb,104666,726813,0,0
mREFOx,105935,180604,0,0
mREFOn,103277,726953,0,0
mSWFOx,104178,180607,0,0
mKIFOx,102982,180606,0,0
mKIFOm,101320,180606,0,4
mGRFOx,104188,180609,0,0
mISFOx,104189,180610,0,0
mISFOs,101715,726907,0,0
mISFOc,102086,726904,0,0
mISFOl,105687,726905,0,0
mISFOd,103758,726906,0,0
mISFOr,102640,726908,0,0
mABBEx,100661,180544,0,0
mABBEf,103279,726978,0,0
mABBEl,101746,202388,0,0
mBRBEx,102187,180543,0,0
mNFSEx,106425,180627,0,0
mGFSEx,100800,180636,0,0
mSSLIx,104433,180625,0,0
mCASEx,103040,180621,0,0
mRINGx,105257,180577,0,0
mRACCx,798324,180575,0,0
mSACOx,103087,552462,0,0
mAMMAx,104814,180559,0,0
mFISHx,103714,180560,0,0
mERMIx,103237,180555,0,0
mLEWEx,102930,180554,0,0
mLTWEx,100836,180556,0,0
mBFFEx,102031,180557,0,0
mAMMIx,791856,726284,0,0
mWOLVx,103092,180551,0,0
mAMBAx,101705,180565,0,0
mESSKx,799633,180570,0,0
mWSSKx,104420,552466,0,0
mSTSKx,104432,180562,0,0
mHOSKx,103207,180563,0,0
mAHNSx,102633,180567,0,0
mSEOTx,102244,180547,0,0
mNAROx,102243,180549,0,0
mHASEx,104705,180649,0,0
mNESEx,105540,180672,0,0
mJAGUx,103664,180593,0,0
mCALYx,102126,180585,0,0
mBOBCx,106470,180582,0,0
mCOUGx,101637,552479,0,0
mCOUGc,101183,552479,0,4
mOCELx,104046,552470,0,0
mJAGDx,103451,726257,3,0
mJAGDc,104968,726436,3,0
mWIMAx,103099,180684,0,0
mWIBOx,105520,180722,0,0
mCOPEx,101426,552761,0,0
mELK1x,102257,180695,0,0
mELK1t,103199,898525,0,0
mELK1r,101331,180695,0,4
mSAMBx,101128,625051,0,0
mSIKAx,104812,180696,0,0
mMUDEx,101365,180698,0,0
mWTDEx,104777,180699,0,0
mWTDEc,101467,202409,0,0
mWTDEl,106305,202408,0,0
mWTDEn,100145,898482,0,0
mMOOSx,792092,180703,0,0
mCARIx,103369,180701,0,0
mCARIc,105025,202411,0,0
mFADEx,101112,552472,0,0
mCHITx,105187,552474,0,0
mPRONx,100336,180717,0,0
mPRONs,104902,202418,0,0
mBISOx,101908,180706,0,0
mMOGOx,104036,180713,0,0
mBISHx,102557,180711,0,0
mBASHx,100764,180719,0,0
mHITAx,106408,625146,0,0
mGEMSx,101581,625180,0,0
mHORSx,103569,180691,0,0
rLOGTx,105239,173830,0,0
rGSTUx,104885,173833,0,0
rHSTUx,102642,173836,0,0
rKRSTx,100121,551770,0,0
rORSTx,106179,173840,0,0
rSNTUx,103761,173752,0,0
rASTUx,102590,668671,0,0
rLEATx,103708,173843,0,0
rPATUx,637723,173783,0,0
rSOPTx,102353,208623,0,0
rSPTUx,100580,173771,0,0
rWOTUx,100280,668669,0,0
rWPTUx,102191,668668,0,0
rBOTUx,101495,668670,0,0
rCHTUx,101923,173786,0,0
rBTURx,100408,173789,0,0
rBMTUx,105092,173791,0,0
rCMTUx,103126,173792,0,0
rYBMTx,103582,173793,0,0
rNMTUx,101200,173794,0,0
rBKMTx,106155,173797,0,0
rRMTUx,105779,173798,0,0
rFMTUx,104427,173800,0,0
rALTUx,103963,173801,0,0
rTMTUx,103965,173802,0,0
rOMTUx,102685,173799,0,0
rEMTUx,103688,551768,0,0
rPMTUx,105841,551767,0,0
rDBTEx,103342,173780,0,0
rARBCx,100294,173804,0,0
rRICOx,802963,173805,0,0
rSUCOx,102277,668673,2,2
rFRBCx,104452,173813,0,0
rNRBCx,106410,173814,0,0
rPCOOx,802959,551765,0,0
rRGCOx,103473,551766,0,0
rTXCOx,100697,208649,0,0
rEBTUx,100312,173776,0,0
rEBTUb,105431,173776,0,4
rOBTUx,102021,173778,0,0
rPOSLx,104105,173819,0,0
rMPSLx,103880,208657,0,0
rSTMTx,105906,173765,0,0
rYMTUx,102248,173766,0,0
rRFMTx,101114,173767,0,0
rSOMTx,100251,173768,0,0
rEMDTx,106169,173763,0,0
rAZTUx,104044,668672,0,0
rRBMTx,106452,173759,0,0
rFLMTx,105823,173760,0,0
rLMTUx,100024,173761,0,0
rEMSTx,104790,173758,0,0
rDETOx,106323,173856,0,0
rTXTOx,105830,173857,0,0
rGOTOx,105196,173858,0,0
rFLSOx,102052,208675,0,0
rSMSOx,101417,208677,0,0
rSMSOc,103284,208678,0,0
rSMSOm,103992,208679,0,0
rSPSOx,100616,208680,0,0
rAMALx,100172,551771,0,0
rCROCx,106064,174361,0,0
rFLWOx,101602,209635,0,0
rNALIx,105055,209008,0,0
rMALIx,104450,209017,0,0
rSOALx,102703,209020,0,0
rPALIx,100264,209029,0,0
rSGLIx,103178,174106,0,0
rIGLIx,102635,174109,0,0
rEGLIx,100802,174110,0,0
rMGLIx,105336,209006,0,0
rTALIx,102509,564557,0,0
rCLIZx,104041,174095,0,0
rTXBGx,106095,174038,0,0
rRBGEx,106036,174039,0,0
rWBGEx,101514,174041,0,0
rSBGEx,100860,174040,0,0
rYHGEx,102898,174053,0,0
rWOSLx,104275,174058,0,0
rPLTGx,100392,585976,0,0
rREGEx,102579,174083,0,0
rGIMOx,103164,174113,0,0
rGRANx,106150,173885,0,0
rZTLIx,100815,173906,0,0
rGELIx,100699,173910,0,0
rGBCLx,104755,208791,0,0
rECLIx,105653,173912,0,0
rBCCLx,103364,564569,0,0
rRCLIx,100487,173914,0,0
rSCLIx,101060,564568,0,0
rDEIGx,106096,173921,0,0
rBNLLx,101103,564570,0,0
rLNLLx,101367,173924,0,0
rCLLIx,104963,564591,0,0
rSTELx,103768,173926,0,0
rCLELx,104129,173927,0,0
rKELIx,103198,173928,0,0
rEELIx,768143,683056,0,0
rBRLIx,103050,173936,0,0
rTHLIx,105969,173938,0,0
rPSHLx,102494,564567,0,0
rFTHLx,104573,173941,0,0
rRTHLx,104144,173942,0,0
rDHLIx,817747,173943,0,0
rRHLIx,105557,173944,0,0
rGSHLx,106178,564594,0,0
rGHLIx,817673,173937,0,0
rBHLIx,833104,208819,0,0
rCCHUx,102283,564596,0,0
rCLSLx,104172,173868,0,0
rCOSLx,102981,173870,0,0
rGPSLx,100977,173871,0,0
rYSLIx,101848,173872,0,0
rDSLIx,106473,173873,0,0
rTSSLx,106473,1056655,4,0
rYBSLx,106473,1056662,4,0
rCALIx,101520,173874,0,0
rWFLIx,106465,173875,0,0
rTSLIx,104023,173876,0,0
rGNSLx,104024,173877,0,0
rCRSLx,103371,173878,0,0
rEFLIx,101699,173865,0,0
rRBLIx,100552,173880,0,0
rSPLIx,105493,173881,0,0
rFSLIx,100784,173882,0,0
rDSALx,105095,564574,0,0
rSBLIx,104180,564597,0,0
rPFLIx,768725,208738,0,0
rCFTLx,103488,173948,0,0
rCDFLx,105941,173949,0,0
rMFTLx,101909,173950,0,0
rYFTLx,105893,683046,0,0
rLTBLx,101856,173952,0,0
rOTLIx,101381,173954,0,0
rBCBLx,784590,586156,0,0
rCSBLx,106390,173956,0,0
rCOSKx,101505,208882,0,0
rMTSKx,100545,173964,0,0
rMOSKx,103910,208885,0,0
rCFLSx,104988,173959,0,0
rGISKx,106029,173966,0,0
rSFLSx,105537,173960,0,0
rBHSKx,100658,173961,0,0
rMLSKx,100223,173967,0,0
rPRSKx,100228,208900,0,0
rWESKx,100793,173970,0,0
rFLSKx,102148,208908,0,0
rGPSKx,106438,173968,0,0
rFSSKx,100093,174005,0,0
rLBSKx,105035,174008,0,0
rCSWHx,106385,174015,0,3
rRBWHx,101123,564600,0,3
rGCWHx,106265,174016,0,3
rCWHIx,103253,174017,0,3
rGLSWx,101721,174018,0,3
rCSPWx,100575,174019,0,3
rORWHx,100457,174020,0,3
rLISWx,106231,174021,0,3
rASWHx,106205,208930,0,3
rLASWx,104626,174022,0,3
rNMWHx,103871,174024,0,3
rSLRAx,102815,174014,0,3
rSSWHx,102752,174025,0,3
rCCWHx,100978,174026,0,3
rTIWHx,102095,208940,0,3
rDGWHx,102521,208947,0,3
rPLSWx,101656,208948,0,3
rPLWHx,104230,208925,0,3
rRAWHx,103909,174023,0,0
rLWWHx,106231,174021,6,6
rCCHWx,103410,914103,0,3
rPASWx,637965,914099,0,3
rGNLIx,104459,174090,0,0
rINLIx,106467,174091,0,0
rDNLIx,893172,174092,0,0
rSINLx,102131,208992,0,2
rSANLx,103674,683049,0,0
rANLIx,100054,208991,0,2
rBNLIx,102461,683048,0,0
rWNLIx,830036,174092,0,6
rNRBOx,100271,174326,0,0
rSRBOx,101155,683027,0,0
rROBOx,103953,174331,0,0
rGLSNx,104460,174202,0,0
rEWSNx,786550,174161,0,0
rWEWOx,106326,563908,0,0
rSCARx,105886,174195,0,0
rVASAx,101970,585779,0,0
rWSNSx,100144,174212,0,0
rSSNSx,104421,174213,0,0
rKISNx,105161,174216,0,0
rNARAx,103328,174169,0,0
rRBSSx,105679,174218,0,0
rSPSNx,100404,174220,0,0
rRNSNx,100405,174158,0,0
rCAISx,637223,683032,0,0
rEISNx,102208,683031,0,0
rSPRAx,103142,174226,0,0
rBARAx,102926,174179,0,0
rGPRAx,103495,209205,0,0
rRECOx,100164,174176,0,0
rTERAx,101406,174177,0,0
rEAFOx,105593,683034,0,0
rWEFOx,102600,174183,0,0
rEARAx,103363,683033,0,0
rGRRAx,101345,209215,0,0
rSLCOx,802860,683035,0,0
rRBMUx,106573,174164,0,0
rRASNx,105967,174166,0,0
rTHNSx,101023,174228,0,0
rCHNSx,104364,174230,0,0
rTSSNx,103585,563909,0,0
rPHNSx,102597,174155,0,0
rDHNSx,104992,209163,0,2
rMHNSx,102098,209164,0,0
rEHNSx,106140,563935,0,0
rSHNSx,105330,174156,0,0
rDENIx,817007,174233,0,6
rCNIGx,817032,209311,0,0
rCHNIx,817057,174233,0,6
rYBKIx,101868,174185,0,0
rCKINx,101531,209247,0,0
rGBKIx,104204,209266,0,0
rSMKIx,104417,174192,0,0
rMILKx,103018,174187,0,0
rCMKIx,103484,174193,0,0
rCESNx,101867,174235,0,0
rSOWHx,104217,174237,0,0
rCOACx,103744,174238,0,3
rBCCOx,857787,683039,0,3
rSTRAx,103313,174239,0,0
rSTWHx,105899,174240,0,0
rSCWHx,102547,209338,0,0
rMSWAx,105757,174243,0,0
rPBWAx,103491,174244,0,0
rSOWAx,102514,174248,0,0
rBRVWx,101160,174249,0,0
rDBWAx,100750,563904,0,0
rNWATx,105253,174251,0,0
rBRWAx,105109,174255,0,0
rFGWAx,104531,209382,0,0
rSAWAx,103618,209370,0,0
rCOWAx,103615,209384,0,0
rROGRx,102569,174172,0,0
rBRVIx,105871,174258,0,0
rSALSx,100274,174260,0,0
rSPLSx,104596,174261,0,0
rPINEx,104367,174263,0,0
rPINEl,102553,209395,0,0
rPINEu,104357,209398,0,0
rGOPHx,103070,209400,0,0
rLOPIx,102626,563905,0,0
rSCSNx,106159,174126,0,0
rGCSNx,100772,174127,0,0
rGCRSx,105389,174123,0,0
rQUEEx,102448,174125,0,0
rPWLIx,100676,174265,0,0
rLNSNx,101284,174267,0,0
rEPNSx,101420,174270,0,0
rWPNSx,104762,174271,0,0
rBLSSx,103894,174273,0,0
rWGROx,103641,174275,0,0
rSTSNx,106507,174277,0,0
rDEBRx,100413,174129,0,0
rFLBRx,105953,209080,0,0
rRBSNx,102128,174131,0,0
rMBHSx,102500,174279,0,0
rSESNx,105156,174280,0,0
rFHSNx,102843,174281,0,0
rPBHSx,103317,174283,0,0
rRRCSx,105313,174284,0,0
rWBHSx,102373,174285,0,0
rFCSNx,101122,174286,0,0
rCBHSx,103987,174288,0,0
rYBHSx,106157,174289,0,0
rSBHSx,103258,174282,0,0
rTBHSx,101137,563934,0,0
rSHGAx,104011,174138,0,0
rBUGAx,103286,174139,0,0
rSIGAx,105516,174140,0,0
rBNGAx,100881,174141,0,0
rTEGAx,102240,174142,0,0
rMEGAx,101088,174143,0,0
rCHGAx,101075,174144,0,0
rNWGAx,106394,174145,0,0
rWERIx,104971,174146,0,0
rPLGAx,104972,174147,0,0
rNHGAx,103150,174148,0,0
rEARIx,103516,174134,0,0
rCOGAx,101158,174136,0,0
rAQGAx,100361,209141,0,0
rGIGAx,106098,209147,0,0
rTSGAx,105900,209149,0,0
rWELYx,103208,174291,0,0
rTXLYx,681174,209451,0,0
rLISNx,102309,174293,0,0
rROEAx,101293,174150,0,0
rSMEAx,100943,174151,0,0
rGNRAx,100076,209458,0,0
rBCRAx,104630,209454,0,0
rTPRAx,102636,209455,0,0
rSMGRx,103123,174173,0,0
rSOCOx,104366,174352,0,0
rHACOx,104183,174354,0,0
rTXCSx,807719,683040,0,0
rTXTHx,795090,174336,0,0
rWETHx,105688,174337,0,0
rNMTHx,768288,914108,0,0
rCOPPx,103250,174296,0,0
rCOTTx,103597,174299,0,0
rEDBRx,101938,174309,0,0
rWDBRx,101695,174310,0,0
rSIDEx,100532,174311,0,0
rTIRAx,100455,174306,0,0
rRRATx,104993,174312,0,0
rSRATx,104678,174313,0,0
rBTRAx,105272,174314,0,0
rTSRAx,103104,174315,0,0
rRDRAx,100051,174316,0,0
rMORAx,100052,174317,0,0
rTRATx,100371,174318,0,0
rPRRAx,768819,174319,0,0
rSBRAx,104895,683063,0,0
rRNRAx,102294,174320,0,0
rWERAx,104250,209548,0,0
rMASSx,100049,174304,0,0
rPRATx,106160,174302,0,0
